,Date,Closed PnL
0,2023-01-05,0.0
1,2023-05-12,0.0
2,2023-12-14,-205.43473700000007
3,2023-12-15,-24.632033999999997
4,2023-12-16,0.0
5,2023-12-17,304.982785
6,2023-12-18,0.0
7,2023-12-19,1000.5386120000001
8,2023-12-20,162.732282
9,2023-12-21,537.211402
10,2023-12-22,141.832675
11,2023-12-23,146.936704
12,2023-12-24,1008.619956
13,2023-12-25,-245.081348
14,2023-12-27,-704.8892269999999
15,2023-12-28,-970.730876
16,2023-12-29,508.92214299999995
17,2023-12-30,354.998648
18,2024-01-01,-129.53146
19,2024-01-02,0.0
20,2024-01-03,8244.241409
21,2024-01-04,2507.963406
22,2024-01-05,0.0
23,2024-01-06,91.510419
24,2024-01-07,5065.839308
25,2024-01-08,167.080017
26,2024-01-09,137.433093
27,2024-01-10,0.0
28,2024-01-11,1040.5747959999999
29,2024-01-12,1718.257116
30,2024-01-15,152.85358
31,2024-01-16,-2299.171458
32,2024-01-17,813.2741110000001
33,2024-01-18,68.93319
34,2024-01-19,-385.419235
35,2024-01-20,-146.57487000000003
36,2024-01-21,266.58114600000005
37,2024-01-22,1375.640959
38,2024-01-23,-369.2447299999998
39,2024-01-24,-2808.353815
40,2024-01-25,-3093.6293849999997
41,2024-01-26,90.2
42,2024-01-28,-2478.06972
43,2024-01-29,486.562542
44,2024-01-30,-173.65419100000003
45,2024-01-31,-799.840817
46,2024-02-01,783.979116
47,2024-02-02,456.423473
48,2024-02-03,230.90060000000005
49,2024-02-04,883.760812
50,2024-02-06,192.906947
51,2024-02-07,2421.253116
52,2024-02-08,782.3681909999999
53,2024-02-09,0.0
54,2024-02-10,0.0
55,2024-02-11,0.0
56,2024-02-12,1008.89342
57,2024-02-13,559.44389
58,2024-02-14,3830.599833
59,2024-02-15,1840.797677
60,2024-02-16,5491.768834
61,2024-02-17,1929.6418
62,2024-02-18,477.6248299999999
63,2024-02-19,4317.768563
64,2024-02-20,3263.628824
65,2024-02-21,1858.7985700000002
66,2024-02-22,3894.1050699999996
67,2024-02-23,1418.55293
68,2024-02-25,-30.7705
69,2024-02-26,4416.8473
70,2024-02-27,888.511733
71,2024-02-28,2503.747235
72,2024-02-29,9813.996992
73,2024-03-01,866.015507
74,2024-03-02,223.30918699999998
75,2024-03-03,8361.086245
76,2024-03-04,126.7884
77,2024-03-05,5306.017045
78,2024-03-06,562.808208
79,2024-03-07,1118.387284
80,2024-03-08,464.1897
81,2024-03-10,100.375782
82,2024-03-11,0.0
83,2024-03-12,22264.645003999998
84,2024-03-13,0.0
85,2024-03-14,3465.865832
86,2024-03-15,6236.513651
87,2024-03-16,228.57984
88,2024-03-17,503.293955
89,2024-03-18,1456.9577
90,2024-03-19,668.797973
91,2024-03-20,6423.134599
92,2024-03-21,2335.5080749999997
93,2024-03-24,1297.018477
94,2024-03-25,1302.916428
95,2024-03-26,3215.906593
96,2024-03-27,150.41114
97,2024-03-28,227.85100799999998
98,2024-03-29,883.097404
99,2024-03-30,1100.57514
100,2024-03-31,912.786145
101,2024-04-01,-67.60364
102,2024-04-02,47.62389499999999
103,2024-04-03,27799.775742
104,2024-04-04,0.0
105,2024-04-05,0.0
106,2024-04-06,52.211438
107,2024-04-07,0.0
108,2024-04-08,-108495.490463
109,2024-04-09,1065.785132
110,2024-04-10,0.0
111,2024-04-11,2799.410474
112,2024-04-12,276234.338316
113,2024-04-13,6621.451755
114,2024-04-14,-36104.012520000004
115,2024-04-15,3774.08872
116,2024-04-16,2467.702221
117,2024-04-17,2441.4683999999997
118,2024-04-19,1946.4454620000001
119,2024-04-20,0.0
120,2024-04-22,0.0
121,2024-04-23,1119.536196
122,2024-04-24,279.185907
123,2024-04-25,0.0
124,2024-04-26,0.0
125,2024-04-27,4281.488139
126,2024-04-28,0.0
127,2024-04-29,526.9338359999999
128,2024-04-30,0.0
129,2024-05-01,164.141565
130,2024-05-02,-33.45419400000003
131,2024-05-03,19791.026041
132,2024-05-04,10706.484306
133,2024-05-05,0.916
134,2024-05-06,56.055506
135,2024-05-07,0.0
136,2024-05-08,-13013.665169
137,2024-05-09,0.0
138,2024-05-10,5767.161892
139,2024-05-11,678.4759280000001
140,2024-05-12,54609.587024
141,2024-05-13,2136.853859
142,2024-05-14,1150.5233050000002
143,2024-05-15,948.970582
144,2024-05-16,214.5898
145,2024-05-18,3522.3946610000003
146,2024-05-19,0.0
147,2024-05-20,-74.818442
148,2024-05-21,7289.397571999999
149,2024-05-22,0.0
150,2024-05-23,413.347329
151,2024-05-24,821.949278
152,2024-05-25,14.126038999999999
153,2024-05-26,778.6839
154,2024-05-27,1129.35587
155,2024-05-29,277.791953
156,2024-05-30,20.951433
157,2024-05-31,25.35812
158,2024-06-01,135.58166400000002
159,2024-06-02,-215.615907
160,2024-06-03,6814.825139
161,2024-06-04,236.33513399999998
162,2024-06-05,968.59038
163,2024-06-06,274.173187
164,2024-06-07,108.87217799999999
165,2024-06-08,267.318048
166,2024-06-09,-1104.856765
167,2024-06-10,130.487079
168,2024-06-11,2821.24842
169,2024-06-12,-92889.950005
170,2024-06-13,6632.757115
171,2024-06-14,10258.592609
172,2024-06-15,3369.958346
173,2024-06-16,0.0
174,2024-06-17,10599.502375
175,2024-06-18,282.57636
176,2024-06-19,4887.656944
177,2024-06-20,57478.456026
178,2024-06-21,773.5582039999999
179,2024-06-22,756.876565
180,2024-06-23,0.0
181,2024-06-24,0.0
182,2024-06-25,4869.353105
183,2024-06-26,4197.732182
184,2024-06-27,0.0
185,2024-06-29,6150.326145
186,2024-06-30,0.0
187,2024-07-01,-835.681235
188,2024-07-02,241.24212
189,2024-07-04,0.0
190,2024-07-05,883.537693
191,2024-07-06,8902.467416
192,2024-07-07,61.428942
193,2024-07-08,188.789255
194,2024-07-10,0.0
195,2024-07-11,1132.4250359999999
196,2024-07-12,81898.267018
197,2024-07-13,2913.617837
198,2024-07-14,0.0
199,2024-07-15,0.0
200,2024-07-16,0.0
201,2024-07-17,1859.269477
202,2024-07-18,3803.884311
203,2024-07-19,2155.891114
204,2024-07-20,2299.169566
205,2024-07-21,-2960.716887
206,2024-07-22,1517.119876
207,2024-07-23,89890.302206
208,2024-07-24,625.561479
209,2024-07-25,916.7382600000001
210,2024-07-26,2766.513113
211,2024-07-27,6400.623656
212,2024-07-28,587.29903
213,2024-07-29,330.80445399999996
214,2024-07-30,0.0
215,2024-07-31,765.690884
216,2024-08-01,-269.874439
217,2024-08-02,770.756024
218,2024-08-03,4271.886236
219,2024-08-04,1218.4267
220,2024-08-05,1.56576
221,2024-08-06,129.13883900000002
222,2024-08-07,0.0
223,2024-08-08,0.0
224,2024-08-10,5396.546638
225,2024-08-11,646.3734049999999
226,2024-08-12,205.528418
227,2024-08-13,212.08102
228,2024-08-14,2168.9015130000003
229,2024-08-15,0.0
230,2024-08-16,825.230544
231,2024-08-17,0.0
232,2024-08-18,307.201888
233,2024-08-19,339.69958299999996
234,2024-08-20,192.602844
235,2024-08-21,656.200925
236,2024-08-23,1005.30527
237,2024-08-24,0.0
238,2024-08-25,0.0
239,2024-08-26,231.236918
240,2024-08-27,0.0
241,2024-08-28,1333.359645
242,2024-08-29,0.0
243,2024-08-30,256.464
244,2024-08-31,10.882801
245,2024-09-01,-826.349863
246,2024-09-03,9949.501624
247,2024-09-04,0.0
248,2024-09-05,1147.595856
249,2024-09-06,0.0
250,2024-09-07,648.984412
251,2024-09-08,18082.071276
252,2024-09-09,0.0
253,2024-09-10,396.06272
254,2024-09-11,102.90894
255,2024-09-12,2661.806087
256,2024-09-14,0.0
257,2024-09-18,-878.684794
258,2024-09-19,0.0
259,2024-09-20,9585.03428
260,2024-09-21,36165.56933
261,2024-09-22,0.0
262,2024-09-23,334.760796
263,2024-09-24,0.0
264,2024-09-25,0.0
265,2024-09-26,439.812513
266,2024-09-27,0.0
267,2024-09-28,0.0
268,2024-09-30,2710.626288
269,2024-10-01,-1517.091342
270,2024-10-03,2482.9272
271,2024-10-04,5207.443414
272,2024-10-05,2101.741695
273,2024-10-06,31.266804999999998
274,2024-10-07,11977.734907
275,2024-10-08,0.0
276,2024-10-09,0.0
277,2024-10-10,0.0
278,2024-10-11,991.114334
279,2024-10-12,11613.338637
280,2024-10-13,0.0
281,2024-10-14,1913.61958
282,2024-10-15,1170.2260760000001
283,2024-10-16,219.480876
284,2024-10-17,36.11496
285,2024-10-18,333.219141
286,2024-10-19,0.0
287,2024-10-20,389.155797
288,2024-10-21,2464.915564
289,2024-10-22,0.0
290,2024-10-23,-46.489941
291,2024-10-25,13235.862071
292,2024-10-26,42471.99413
293,2024-10-27,666.6623079999999
294,2024-10-28,0.0
295,2024-10-29,801.170876
296,2024-10-30,9.150023
297,2024-10-31,1216.5972259999999
298,2024-11-01,-164.08950099999998
299,2024-11-02,983.443176
300,2024-11-03,3588.179495
301,2024-11-04,389.743164
302,2024-11-05,251.604742
303,2024-11-06,4320.631811
304,2024-11-07,1876.812082
305,2024-11-08,847.7766200000001
306,2024-11-09,0.0
307,2024-11-10,8885.327477
308,2024-11-11,6749.630996
309,2024-11-12,279545.592036
310,2024-11-13,7864.007554
311,2024-11-14,2348.106228
312,2024-11-15,2003.536586
313,2024-11-16,1284.993507
314,2024-11-17,882.975285
315,2024-11-18,3785.732754
316,2024-11-19,2958.268991
317,2024-11-20,2391.4507399999998
318,2024-11-21,1689.746597
319,2024-11-22,-17844.435931
320,2024-11-23,2901.531638
321,2024-11-24,945.550386
322,2024-11-25,5523.740734
323,2024-11-26,1563.42411
324,2024-11-27,-2848.159792
325,2024-11-28,-127240.932229
326,2024-11-29,165677.87587699998
327,2024-11-30,31666.420398000002
328,2024-12-01,-1925.519024
329,2024-12-02,913.8817869999998
330,2024-12-03,3039.166
331,2024-12-04,-592.6458390000001
332,2024-12-05,0.0
333,2024-12-06,-21886.531493
334,2024-12-07,1412.314654
335,2024-12-08,858.6705000000001
336,2024-12-10,541.55471
337,2024-12-11,3494.399394
338,2024-12-12,452366.400647
339,2024-12-13,17924.654475
340,2024-12-14,151327.038996
341,2024-12-15,83808.61275
342,2024-12-16,17664.272137
343,2024-12-17,86017.010715
344,2024-12-18,7783.257891
345,2024-12-19,26017.841302
346,2024-12-20,16757.771443
347,2024-12-21,39095.418634
348,2024-12-22,3782.836565
349,2024-12-23,37994.898828
350,2024-12-24,3591.686652
351,2024-12-25,271.246809
352,2024-12-26,57023.058
353,2024-12-27,1927.098294
354,2024-12-28,434.16107200000005
355,2024-12-29,2768.555744
356,2024-12-30,5687.559679
357,2024-12-31,2705.471241
358,2025-01-01,17.784696
359,2025-01-02,29253.639642000002
360,2025-01-03,9591.814535
361,2025-01-04,4859.017429
362,2025-01-05,166756.903287
363,2025-01-13,7980.303812
364,2025-01-14,3058.320401
365,2025-01-15,13455.368906
366,2025-01-16,6605.193867
367,2025-01-17,5846.239261
368,2025-01-18,10633.193318
369,2025-01-19,83898.875486
370,2025-01-20,68034.992762
371,2025-01-21,6440.168799
372,2025-01-22,6610.973301
373,2025-01-23,33919.327143
374,2025-01-24,7782.950597
375,2025-01-25,-12747.445645
376,2025-01-26,39538.046936
377,2025-01-27,8200.124749999999
378,2025-01-28,10000.071297
379,2025-01-29,87.316134
380,2025-01-30,20631.842206
381,2025-01-31,17550.700743
382,2025-02-01,7291.453445
383,2025-02-02,152355.441799
384,2025-02-03,23844.438422
385,2025-02-04,196578.526276
386,2025-02-13,5066.719059
387,2025-02-14,215274.018742
388,2025-02-15,40565.406082
389,2025-02-16,1988.079458
390,2025-02-17,1591.052029
391,2025-02-18,87223.859839
392,2025-02-19,9034.184084
393,2025-02-20,41854.147591
394,2025-02-21,106115.887175
395,2025-02-22,8404.470218
396,2025-02-23,10230.96415
397,2025-02-24,47806.732059
398,2025-02-25,212677.312294
399,2025-02-26,39255.733532
400,2025-02-27,8321.924042
401,2025-02-28,136510.047406
402,2025-03-01,4840.115695
403,2025-03-02,182584.570707
404,2025-03-03,555373.555474
405,2025-03-04,6194.292201
406,2025-03-13,3737.095192
407,2025-03-14,67507.09051
408,2025-03-15,76335.793581
409,2025-03-16,8430.777568
410,2025-03-17,7034.938691
411,2025-03-18,69075.905179
412,2025-03-19,23156.370463
413,2025-03-20,5905.891831
414,2025-03-21,39.1247
415,2025-03-22,6378.235782
416,2025-03-23,3777.853376
417,2025-03-24,47973.673608
418,2025-03-25,3984.690865
419,2025-03-26,6892.054702
420,2025-03-27,50710.595151
421,2025-03-28,18386.792982
422,2025-03-29,15416.811517
423,2025-03-30,9954.446766
424,2025-03-31,10503.030892
425,2025-04-01,1764.069318
426,2025-04-02,414778.622414
427,2025-04-03,181403.890596
428,2025-04-04,21985.709738
429,2025-04-13,9883.709793
430,2025-04-14,18495.504187
431,2025-04-15,51980.378219
432,2025-04-16,58858.734828
433,2025-04-17,1767.9537
434,2025-04-18,44823.972322
435,2025-04-19,64990.71654
436,2025-04-20,16426.144904
437,2025-04-21,31680.916460999997
438,2025-04-22,75964.091822
439,2025-04-23,-340035.95186800003
440,2025-04-24,45632.958348
441,2025-04-25,21767.163348
442,2025-04-26,-4192.0207
443,2025-04-27,992.6069630000001
444,2025-04-28,32898.310018
445,2025-04-29,117187.841589
446,2025-04-30,10973.023455
447,2025-05-01,2006.9104120000002
448,2025-05-02,55295.596747999996
449,2025-05-03,231061.849328
450,2025-05-04,2870.792737
451,2025-06-01,4688.668597
452,2025-06-02,57371.820993
453,2025-06-03,4470.168676
454,2025-06-04,20893.808281
455,2025-07-01,15830.381304
456,2025-07-02,20032.255486
457,2025-07-03,91470.403528
458,2025-07-04,-32289.439798
459,2025-08-01,6391.4791350000005
460,2025-08-02,776.166689
461,2025-08-03,17592.476470999998
462,2025-08-04,19083.273397
463,2025-09-01,11051.28622
464,2025-09-02,150315.965633
465,2025-09-03,8066.270474
466,2025-09-04,-14124.692708999999
467,2025-10-01,-35311.822889999996
468,2025-10-02,59644.867490000004
469,2025-10-03,12292.615896000001
470,2025-10-04,42460.103975
471,2025-11-01,2048.879456
472,2025-11-02,-8588.743007
473,2025-11-03,-19064.79736
474,2025-11-04,-466.8653550000005
475,2025-12-01,4540.056089
476,2025-12-02,17902.664731
477,2025-12-03,290819.072758
478,2025-12-04,405696.858067
